<?xml version="1.0" encoding="utf-8"?>
<!--/11164160/122786/2.50/10/3/Connector/-->
<quadcept_library>
  <setting unit="mil" />
  <textstyle name="Default" height="47.244094488189" strokewidth="7.8740157480315" charwidth="47.244094488189" />
  <textstyle name="Dimension" height="19.6850393700787" strokewidth="0" charwidth="19.6850393700787" />
  <textstyle name="H127W0635TH00762" height="50" strokewidth="3" charwidth="25" />
  <textstyle name="H15W15TH02" height="59.0551181102362" strokewidth="7.8740157480315" charwidth="59.0551181102362" />
  <padstyle name="c171_h114" surface="False" plated="True" isvia="False" nopaste="True" nomask="True" complex="False" holesize="44.881889763779">
    <padshape layer="TOP" shape="round" width="67.322834645668" height="67.322834645668" />
    <padshape layer="TOP_SOLDER_MASK" shape="round" width="75.1968503937" height="75.1968503937" />
    <padshape layer="INNER" shape="round" width="67.322834645668" height="67.322834645668" />
    <padshape layer="BOTTOM" shape="round" width="67.322834645668" height="67.322834645668" />
    <padshape layer="BOTTOM_SOLDER_MASK" shape="round" width="75.1968503937" height="75.1968503937" />
  </padstyle>
  <padstyle name="s171_h114" surface="False" plated="True" isvia="False" nopaste="True" nomask="True" complex="False" holesize="44.881889763779">
    <padshape layer="TOP" shape="square" width="67.322834645668" height="67.322834645668" />
    <padshape layer="TOP_SOLDER_MASK" shape="square" width="75.1968503937" height="75.1968503937" />
    <padshape layer="INNER" shape="square" width="67.322834645668" height="67.322834645668" />
    <padshape layer="BOTTOM" shape="square" width="67.322834645668" height="67.322834645668" />
    <padshape layer="BOTTOM_SOLDER_MASK" shape="square" width="75.1968503937" height="75.1968503937" />
  </padstyle>
  <footprint name="879141016" originx="0" originy="0" pickpointx="0" pickpointy="0">
    <pcbpin number="1" name="1" style="s171_h114" originx="0" originy="0" rotation="90" />
    <pcbpin number="2" name="2" style="c171_h114" originx="0" originy="-99.999999999999" rotation="90" />
    <pcbpin number="3" name="3" style="c171_h114" originx="99.999999999999" originy="0" rotation="90" />
    <pcbpin number="4" name="4" style="c171_h114" originx="99.999999999999" originy="-99.999999999999" rotation="90" />
    <pcbpin number="5" name="5" style="c171_h114" originx="200" originy="0" rotation="90" />
    <pcbpin number="6" name="6" style="c171_h114" originx="200" originy="-99.999999999999" rotation="90" />
    <pcbpin number="7" name="7" style="c171_h114" originx="300" originy="0" rotation="90" />
    <pcbpin number="8" name="8" style="c171_h114" originx="300" originy="-99.999999999999" rotation="90" />
    <pcbpin number="9" name="9" style="c171_h114" originx="400" originy="0" rotation="90" />
    <pcbpin number="10" name="10" style="c171_h114" originx="400" originy="-99.999999999999" rotation="90" />
    <line layer="TOP_ASSEMBLY" originx="-49.999999999999" originy="48.031496062992" endx="449.99999999999" endy="48.031496062992" width="3.9370078740157" />
    <line layer="TOP_ASSEMBLY" originx="449.99999999999" originy="48.031496062992" endx="449.99999999999" endy="-148.03149606299" width="3.9370078740157" />
    <line layer="TOP_ASSEMBLY" originx="449.99999999999" originy="-148.03149606299" endx="-49.999999999999" endy="-148.03149606299" width="3.9370078740157" />
    <line layer="TOP_ASSEMBLY" originx="-49.999999999999" originy="-148.03149606299" endx="-49.999999999999" endy="48.031496062992" width="3.9370078740157" />
    <line layer="TOP_SILKSCREEN" originx="-49.999999999999" originy="48.031496062992" endx="449.99999999999" endy="48.031496062992" width="7.8740157480314" />
    <line layer="TOP_SILKSCREEN" originx="449.99999999999" originy="48.031496062992" endx="449.99999999999" endy="-148.03149606299" width="7.8740157480314" />
    <line layer="TOP_SILKSCREEN" originx="449.99999999999" originy="-148.03149606299" endx="-49.999999999999" endy="-148.03149606299" width="7.8740157480314" />
    <line layer="TOP_SILKSCREEN" originx="-49.999999999999" originy="-148.03149606299" endx="-49.999999999999" endy="48.031496062992" width="7.8740157480314" />
    <line layer="TOP_PLACE_BOUND" originx="-89.370078740156" originy="87.401574803149" endx="489.37007874015" endy="87.401574803149" width="3.9370078740157" />
    <line layer="TOP_PLACE_BOUND" originx="489.37007874015" originy="87.401574803149" endx="489.37007874015" endy="-187.40157480315" width="3.9370078740157" />
    <line layer="TOP_PLACE_BOUND" originx="489.37007874015" originy="-187.40157480315" endx="-89.370078740156" endy="-187.40157480315" width="3.9370078740157" />
    <line layer="TOP_PLACE_BOUND" originx="-89.370078740156" originy="-187.40157480315" endx="-89.370078740156" endy="87.401574803149" width="3.9370078740157" />
    <line layer="TOP_SILKSCREEN" originx="0" originy="70.866141732283" endx="0" endy="70.866141732283" width="3.9370078740157" />
    <arc layer="TOP_SILKSCREEN" originx="1.6391087961985E-15" originy="68.897637795275" startangle="90.0" sweepangle="180.0" radius="1.9685039370079" width="3.9370078740157" />
    <line layer="TOP_SILKSCREEN" originx="0" originy="66.929133858267" endx="0" endy="66.929133858267" width="3.9370078740157" />
    <arc layer="TOP_SILKSCREEN" originx="1.6391087961985E-15" originy="68.897637795275" startangle="-90.0" sweepangle="180.0" radius="1.9685039370079" width="3.9370078740157" />
  </footprint>
  <symbol name="87914-1016" originx="0" originy="0">
    <line originx="200" originy="100" endx="700" endy="100" width="0" />
    <line originx="700" originy="-500" endx="700" endy="100" width="0" />
    <line originx="700" originy="-500" endx="200" endy="-500" width="0" />
    <line originx="200" originy="100" endx="200" endy="-500" width="0" />
    <sympin number="1" originx="700" originy="0" rotation="0" length="100" width="7.8740157480315" flipped="False">
      <text name="pinname" originx="670" originy="0" style="Default" rotation="0" justify="right" flipped="False" hidden="False" data="1" />
      <text name="pindes" originx="760" originy="20" style="Default" rotation="0" justify="lowerleft" flipped="False" hidden="False" data="1" />
    </sympin>
    <sympin number="2" originx="200" originy="0" rotation="180" length="100" width="7.8740157480315" flipped="False">
      <text name="pinname" originx="230" originy="0" style="Default" rotation="0" justify="left" flipped="False" hidden="False" data="2" />
      <text name="pindes" originx="140" originy="20" style="Default" rotation="0" justify="lowerright" flipped="False" hidden="False" data="2" />
    </sympin>
    <sympin number="3" originx="700" originy="-100" rotation="0" length="100" width="7.8740157480315" flipped="False">
      <text name="pinname" originx="670" originy="-100" style="Default" rotation="0" justify="right" flipped="False" hidden="False" data="3" />
      <text name="pindes" originx="760" originy="-80" style="Default" rotation="0" justify="lowerleft" flipped="False" hidden="False" data="3" />
    </sympin>
    <sympin number="4" originx="200" originy="-100" rotation="180" length="100" width="7.8740157480315" flipped="False">
      <text name="pinname" originx="230" originy="-100" style="Default" rotation="0" justify="left" flipped="False" hidden="False" data="4" />
      <text name="pindes" originx="140" originy="-80" style="Default" rotation="0" justify="lowerright" flipped="False" hidden="False" data="4" />
    </sympin>
    <sympin number="5" originx="700" originy="-200" rotation="0" length="100" width="7.8740157480315" flipped="False">
      <text name="pinname" originx="670" originy="-200" style="Default" rotation="0" justify="right" flipped="False" hidden="False" data="5" />
      <text name="pindes" originx="760" originy="-180" style="Default" rotation="0" justify="lowerleft" flipped="False" hidden="False" data="5" />
    </sympin>
    <sympin number="6" originx="200" originy="-200" rotation="180" length="100" width="7.8740157480315" flipped="False">
      <text name="pinname" originx="230" originy="-200" style="Default" rotation="0" justify="left" flipped="False" hidden="False" data="6" />
      <text name="pindes" originx="140" originy="-180" style="Default" rotation="0" justify="lowerright" flipped="False" hidden="False" data="6" />
    </sympin>
    <sympin number="7" originx="700" originy="-300" rotation="0" length="100" width="7.8740157480315" flipped="False">
      <text name="pinname" originx="670" originy="-300" style="Default" rotation="0" justify="right" flipped="False" hidden="False" data="7" />
      <text name="pindes" originx="760" originy="-280" style="Default" rotation="0" justify="lowerleft" flipped="False" hidden="False" data="7" />
    </sympin>
    <sympin number="8" originx="200" originy="-300" rotation="180" length="100" width="7.8740157480315" flipped="False">
      <text name="pinname" originx="230" originy="-300" style="Default" rotation="0" justify="left" flipped="False" hidden="False" data="8" />
      <text name="pindes" originx="140" originy="-280" style="Default" rotation="0" justify="lowerright" flipped="False" hidden="False" data="8" />
    </sympin>
    <sympin number="9" originx="700" originy="-400" rotation="0" length="100" width="7.8740157480315" flipped="False">
      <text name="pinname" originx="670" originy="-400" style="Default" rotation="0" justify="right" flipped="False" hidden="False" data="9" />
      <text name="pindes" originx="760" originy="-380" style="Default" rotation="0" justify="lowerleft" flipped="False" hidden="False" data="9" />
    </sympin>
    <sympin number="10" originx="200" originy="-400" rotation="180" length="100" width="7.8740157480315" flipped="False">
      <text name="pinname" originx="230" originy="-400" style="Default" rotation="0" justify="left" flipped="False" hidden="False" data="10" />
      <text name="pindes" originx="140" originy="-380" style="Default" rotation="0" justify="lowerright" flipped="False" hidden="False" data="10" />
    </sympin>
  </symbol>
  <component name="87914-1016" designatorprefix="J" height="327.95275590551" footprint="879141016">
    <comppin designator="1" sympin="1" pinswap="0" gateswap="0" gate="1" group="1" side="" type="Any" name="1" />
    <comppin designator="2" sympin="2" pinswap="0" gateswap="0" gate="1" group="1" side="" type="Any" name="2" />
    <comppin designator="3" sympin="3" pinswap="0" gateswap="0" gate="1" group="1" side="" type="Any" name="3" />
    <comppin designator="4" sympin="4" pinswap="0" gateswap="0" gate="1" group="1" side="" type="Any" name="4" />
    <comppin designator="5" sympin="5" pinswap="0" gateswap="0" gate="1" group="1" side="" type="Any" name="5" />
    <comppin designator="6" sympin="6" pinswap="0" gateswap="0" gate="1" group="1" side="" type="Any" name="6" />
    <comppin designator="7" sympin="7" pinswap="0" gateswap="0" gate="1" group="1" side="" type="Any" name="7" />
    <comppin designator="8" sympin="8" pinswap="0" gateswap="0" gate="1" group="1" side="" type="Any" name="8" />
    <comppin designator="9" sympin="9" pinswap="0" gateswap="0" gate="1" group="1" side="" type="Any" name="9" />
    <comppin designator="10" sympin="10" pinswap="0" gateswap="0" gate="1" group="1" side="" type="Any" name="10" />
    <attached_symbol gate="1" name="87914-1016" />
    <pinmap designator="1" footprintpin="1" />
    <pinmap designator="2" footprintpin="2" />
    <pinmap designator="3" footprintpin="3" />
    <pinmap designator="4" footprintpin="4" />
    <pinmap designator="5" footprintpin="5" />
    <pinmap designator="6" footprintpin="6" />
    <pinmap designator="7" footprintpin="7" />
    <pinmap designator="8" footprintpin="8" />
    <pinmap designator="9" footprintpin="9" />
    <pinmap designator="10" footprintpin="10" />
    <text name="Datasheet" originx="0" originy="0" style="Default" rotation="0" justify="" flipped="False" hidden="True" data="https://www.molex.com/content/dam/molex/molex-dot-com/products/automated/en-us/salesdrawingpdf/879/87914/879141016_sd.pdf" />
    <text name="Description" originx="0" originy="0" style="Default" rotation="0" justify="" flipped="False" hidden="True" data="2.54mm Pitch C-Grid Header, Through Hole, Dual Row, Vertical, 10 Circuits, 2.50m Tin (Sn) Overall Plating, Tray Packaging, Lead-Free" />
    <text name="Mouser Part Number" originx="0" originy="0" style="Default" rotation="0" justify="" flipped="False" hidden="True" data="538-87914-1016" />
    <text name="Mouser Price/Stock" originx="0" originy="0" style="Default" rotation="0" justify="" flipped="False" hidden="True" data="https://www.mouser.co.uk/ProductDetail/Molex/87914-1016?qs=kNSQ05%252BLZoC4mX3noaPXJg%3D%3D" />
    <text name="Manufacturer_Name" originx="0" originy="0" style="Default" rotation="0" justify="" flipped="False" hidden="True" data="Molex" />
    <text name="Manufacturer_Part_Number" originx="750" originy="200" style="Default" rotation="0" justify="left" flipped="False" hidden="False" data="87914-1016" />
  </component>
</quadcept_library>
