<?xml version="1.0" encoding="utf-8"?>
<!--/13282394/122786/2.50/10/0/Connector/-->
<quadcept_library>
  <setting unit="mil" />
  <textstyle name="Default" height="47.244094488189" strokewidth="7.8740157480315" charwidth="47.244094488189" />
  <textstyle name="Dimension" height="19.6850393700787" strokewidth="0" charwidth="19.6850393700787" />
  <textstyle name="H127W0635TH00762" height="50" strokewidth="3" charwidth="25" />
  <textstyle name="H15W15TH02" height="59.0551181102362" strokewidth="7.8740157480315" charwidth="59.0551181102362" />
  <padstyle name="c250_h165" surface="False" plated="True" isvia="False" nopaste="True" nomask="True" complex="False" holesize="64.960629921259">
    <padshape layer="TOP" shape="round" width="98.425196850392" height="98.425196850392" />
    <padshape layer="TOP_SOLDER_MASK" shape="round" width="106.29921259842" height="106.29921259842" />
    <padshape layer="INNER" shape="round" width="98.425196850392" height="98.425196850392" />
    <padshape layer="BOTTOM" shape="round" width="98.425196850392" height="98.425196850392" />
    <padshape layer="BOTTOM_SOLDER_MASK" shape="round" width="106.29921259842" height="106.29921259842" />
  </padstyle>
  <padstyle name="s250_h165" surface="False" plated="True" isvia="False" nopaste="True" nomask="True" complex="False" holesize="64.960629921259">
    <padshape layer="TOP" shape="square" width="98.425196850392" height="98.425196850392" />
    <padshape layer="TOP_SOLDER_MASK" shape="square" width="106.29921259842" height="106.29921259842" />
    <padshape layer="INNER" shape="round" width="98.425196850392" height="98.425196850392" />
    <padshape layer="BOTTOM" shape="square" width="98.425196850392" height="98.425196850392" />
    <padshape layer="BOTTOM_SOLDER_MASK" shape="square" width="106.29921259842" height="106.29921259842" />
  </padstyle>
  <footprint name="B10P-VH(LF)(SN)" originx="0" originy="0" pickpointx="0" pickpointy="0">
    <pcbpin number="1" name="1" style="s250_h165" originx="0" originy="0" rotation="90" />
    <pcbpin number="2" name="2" style="c250_h165" originx="155.90551181102" originy="0" rotation="90" />
    <pcbpin number="3" name="3" style="c250_h165" originx="311.81102362204" originy="0" rotation="90" />
    <pcbpin number="4" name="4" style="c250_h165" originx="467.71653543307" originy="0" rotation="90" />
    <pcbpin number="5" name="5" style="c250_h165" originx="623.62204724409" originy="0" rotation="90" />
    <pcbpin number="6" name="6" style="c250_h165" originx="779.52755905511" originy="0" rotation="90" />
    <pcbpin number="7" name="7" style="c250_h165" originx="935.43307086613" originy="0" rotation="90" />
    <pcbpin number="8" name="8" style="c250_h165" originx="1091.3385826772" originy="0" rotation="90" />
    <pcbpin number="9" name="9" style="c250_h165" originx="1247.2440944882" originy="0" rotation="90" />
    <pcbpin number="10" name="10" style="c250_h165" originx="1403.1496062992" originy="0" rotation="90" />
    <line layer="TOP_ASSEMBLY" originx="-66.141732283464" originy="147.63779527559" endx="1469.2913385827" endy="147.63779527559" width="7.8740157480314" />
    <line layer="TOP_ASSEMBLY" originx="1469.2913385827" originy="147.63779527559" endx="1469.2913385827" endy="-187.00787401575" width="7.8740157480314" />
    <line layer="TOP_ASSEMBLY" originx="1469.2913385827" originy="-187.00787401575" endx="-66.141732283464" endy="-187.00787401575" width="7.8740157480314" />
    <line layer="TOP_ASSEMBLY" originx="-66.141732283464" originy="-187.00787401575" endx="-66.141732283464" endy="147.63779527559" width="7.8740157480314" />
    <line layer="TOP_SILKSCREEN" originx="-66.141732283464" originy="147.63779527559" endx="1469.2913385827" endy="147.63779527559" width="3.9370078740157" />
    <line layer="TOP_SILKSCREEN" originx="1469.2913385827" originy="147.63779527559" endx="1469.2913385827" endy="-187.00787401575" width="3.9370078740157" />
    <line layer="TOP_SILKSCREEN" originx="1469.2913385827" originy="-187.00787401575" endx="-66.141732283464" endy="-187.00787401575" width="3.9370078740157" />
    <line layer="TOP_SILKSCREEN" originx="-66.141732283464" originy="-187.00787401575" endx="-66.141732283464" endy="147.63779527559" width="3.9370078740157" />
    <arc layer="TOP_SILKSCREEN" originx="-112.20472440945" originy="0" startangle="180" sweepangle="180" radius="1.9685039370079" width="7.8740157480314" />
    <arc layer="TOP_SILKSCREEN" originx="-112.20472440945" originy="0" startangle="180" sweepangle="-180" radius="1.9685039370079" width="7.8740157480314" />
    <line layer="TOP_PLACE_BOUND" originx="-155.51181102362" originy="194.88188976378" endx="1516.5354330708" endy="194.88188976378" width="1.9685039370079" />
    <line layer="TOP_PLACE_BOUND" originx="1516.5354330708" originy="194.88188976378" endx="1516.5354330708" endy="-234.25196850393" width="1.9685039370079" />
    <line layer="TOP_PLACE_BOUND" originx="1516.5354330708" originy="-234.25196850393" endx="-155.51181102362" endy="-234.25196850393" width="1.9685039370079" />
    <line layer="TOP_PLACE_BOUND" originx="-155.51181102362" originy="-234.25196850393" endx="-155.51181102362" endy="194.88188976378" width="1.9685039370079" />
  </footprint>
  <symbol name="B10P-VH_LF__SN_" originx="0" originy="0">
    <line originx="200" originy="100" endx="600" endy="100" width="0" />
    <line originx="600" originy="-1000" endx="600" endy="100" width="0" />
    <line originx="600" originy="-1000" endx="200" endy="-1000" width="0" />
    <line originx="200" originy="100" endx="200" endy="-1000" width="0" />
    <sympin number="1" originx="200" originy="0" rotation="180" length="100" width="7.8740157480315" flipped="False">
      <text name="pinname" originx="230" originy="0" style="Default" rotation="0" justify="left" flipped="False" hidden="False" data="1" />
      <text name="pindes" originx="140" originy="20" style="Default" rotation="0" justify="lowerright" flipped="False" hidden="False" data="1" />
    </sympin>
    <sympin number="2" originx="200" originy="-100" rotation="180" length="100" width="7.8740157480315" flipped="False">
      <text name="pinname" originx="230" originy="-100" style="Default" rotation="0" justify="left" flipped="False" hidden="False" data="2" />
      <text name="pindes" originx="140" originy="-80" style="Default" rotation="0" justify="lowerright" flipped="False" hidden="False" data="2" />
    </sympin>
    <sympin number="3" originx="200" originy="-200" rotation="180" length="100" width="7.8740157480315" flipped="False">
      <text name="pinname" originx="230" originy="-200" style="Default" rotation="0" justify="left" flipped="False" hidden="False" data="3" />
      <text name="pindes" originx="140" originy="-180" style="Default" rotation="0" justify="lowerright" flipped="False" hidden="False" data="3" />
    </sympin>
    <sympin number="4" originx="200" originy="-300" rotation="180" length="100" width="7.8740157480315" flipped="False">
      <text name="pinname" originx="230" originy="-300" style="Default" rotation="0" justify="left" flipped="False" hidden="False" data="4" />
      <text name="pindes" originx="140" originy="-280" style="Default" rotation="0" justify="lowerright" flipped="False" hidden="False" data="4" />
    </sympin>
    <sympin number="5" originx="200" originy="-400" rotation="180" length="100" width="7.8740157480315" flipped="False">
      <text name="pinname" originx="230" originy="-400" style="Default" rotation="0" justify="left" flipped="False" hidden="False" data="5" />
      <text name="pindes" originx="140" originy="-380" style="Default" rotation="0" justify="lowerright" flipped="False" hidden="False" data="5" />
    </sympin>
    <sympin number="6" originx="200" originy="-500" rotation="180" length="100" width="7.8740157480315" flipped="False">
      <text name="pinname" originx="230" originy="-500" style="Default" rotation="0" justify="left" flipped="False" hidden="False" data="6" />
      <text name="pindes" originx="140" originy="-480" style="Default" rotation="0" justify="lowerright" flipped="False" hidden="False" data="6" />
    </sympin>
    <sympin number="7" originx="200" originy="-600" rotation="180" length="100" width="7.8740157480315" flipped="False">
      <text name="pinname" originx="230" originy="-600" style="Default" rotation="0" justify="left" flipped="False" hidden="False" data="7" />
      <text name="pindes" originx="140" originy="-580" style="Default" rotation="0" justify="lowerright" flipped="False" hidden="False" data="7" />
    </sympin>
    <sympin number="8" originx="200" originy="-700" rotation="180" length="100" width="7.8740157480315" flipped="False">
      <text name="pinname" originx="230" originy="-700" style="Default" rotation="0" justify="left" flipped="False" hidden="False" data="8" />
      <text name="pindes" originx="140" originy="-680" style="Default" rotation="0" justify="lowerright" flipped="False" hidden="False" data="8" />
    </sympin>
    <sympin number="9" originx="200" originy="-800" rotation="180" length="100" width="7.8740157480315" flipped="False">
      <text name="pinname" originx="230" originy="-800" style="Default" rotation="0" justify="left" flipped="False" hidden="False" data="9" />
      <text name="pindes" originx="140" originy="-780" style="Default" rotation="0" justify="lowerright" flipped="False" hidden="False" data="9" />
    </sympin>
    <sympin number="10" originx="200" originy="-900" rotation="180" length="100" width="7.8740157480315" flipped="False">
      <text name="pinname" originx="230" originy="-900" style="Default" rotation="0" justify="left" flipped="False" hidden="False" data="10" />
      <text name="pindes" originx="140" originy="-880" style="Default" rotation="0" justify="lowerright" flipped="False" hidden="False" data="10" />
    </sympin>
  </symbol>
  <component name="B10P-VH_LF__SN_" designatorprefix="J" height="0" footprint="B10P-VH(LF)(SN)">
    <comppin designator="1" sympin="1" pinswap="0" gateswap="0" gate="1" group="1" side="" type="Any" name="1" />
    <comppin designator="2" sympin="2" pinswap="0" gateswap="0" gate="1" group="1" side="" type="Any" name="2" />
    <comppin designator="3" sympin="3" pinswap="0" gateswap="0" gate="1" group="1" side="" type="Any" name="3" />
    <comppin designator="4" sympin="4" pinswap="0" gateswap="0" gate="1" group="1" side="" type="Any" name="4" />
    <comppin designator="5" sympin="5" pinswap="0" gateswap="0" gate="1" group="1" side="" type="Any" name="5" />
    <comppin designator="6" sympin="6" pinswap="0" gateswap="0" gate="1" group="1" side="" type="Any" name="6" />
    <comppin designator="7" sympin="7" pinswap="0" gateswap="0" gate="1" group="1" side="" type="Any" name="7" />
    <comppin designator="8" sympin="8" pinswap="0" gateswap="0" gate="1" group="1" side="" type="Any" name="8" />
    <comppin designator="9" sympin="9" pinswap="0" gateswap="0" gate="1" group="1" side="" type="Any" name="9" />
    <comppin designator="10" sympin="10" pinswap="0" gateswap="0" gate="1" group="1" side="" type="Any" name="10" />
    <attached_symbol gate="1" name="B10P-VH_LF__SN_" />
    <pinmap designator="1" footprintpin="1" />
    <pinmap designator="2" footprintpin="2" />
    <pinmap designator="3" footprintpin="3" />
    <pinmap designator="4" footprintpin="4" />
    <pinmap designator="5" footprintpin="5" />
    <pinmap designator="6" footprintpin="6" />
    <pinmap designator="7" footprintpin="7" />
    <pinmap designator="8" footprintpin="8" />
    <pinmap designator="9" footprintpin="9" />
    <pinmap designator="10" footprintpin="10" />
    <text name="Datasheet" originx="0" originy="0" style="Default" rotation="0" justify="" flipped="False" hidden="True" data="https://www.jst-mfg.com/product/pdf/eng/eVH.pdf?60bab95eaf98f" />
    <text name="Description" originx="0" originy="0" style="Default" rotation="0" justify="" flipped="False" hidden="True" data="Connector Header Through Hole 10 position 0.156&amp;quot; (3.96mm)" />
    <text name="Mouser Part Number" originx="0" originy="0" style="Default" rotation="0" justify="" flipped="False" hidden="True" data="306-B10P-VHLFSN" />
    <text name="Mouser Price/Stock" originx="0" originy="0" style="Default" rotation="0" justify="" flipped="False" hidden="True" data="https://www.mouser.co.uk/ProductDetail/JST-Commercial/B10P-VHLFSN?qs=QpmGXVUTftHJ4omjfV4Obw%3D%3D" />
    <text name="Manufacturer_Name" originx="0" originy="0" style="Default" rotation="0" justify="" flipped="False" hidden="True" data="JST (JAPAN SOLDERLESS TERMINALS)" />
    <text name="Manufacturer_Part_Number" originx="650" originy="200" style="Default" rotation="0" justify="left" flipped="False" hidden="False" data="B10P-VH(LF)(SN)" />
  </component>
</quadcept_library>
