<?xml version="1.0" encoding="utf-8"?>
<!--/282030/122786/2.50/2/3/Fuse/-->
<quadcept_library>
  <setting unit="mil" />
  <textstyle name="Default" height="47.244094488189" strokewidth="7.8740157480315" charwidth="47.244094488189" />
  <textstyle name="Dimension" height="19.6850393700787" strokewidth="0" charwidth="19.6850393700787" />
  <textstyle name="H127W0635TH00762" height="50" strokewidth="3" charwidth="25" />
  <textstyle name="H15W15TH02" height="59.0551181102362" strokewidth="7.8740157480315" charwidth="59.0551181102362" />
  <padstyle name="r152_93" surface="True" plated="False" isvia="False" nopaste="False" nomask="True" complex="False" holesize="0">
    <padshape layer="TOP" shape="rectangle" width="36.614173228346" height="59.842519685039" />
    <padshape layer="TOP_SOLDER_MASK" shape="rectangle" width="44.488188976377" height="67.71653543307" />
    <padshape layer="TOP_SOLDER_PASTE" shape="rectangle" width="36.614173228346" height="59.842519685039" />
  </padstyle>
  <footprint name="FUSC2114X125N" originx="0" originy="0" pickpointx="0" pickpointy="0">
    <pcbpin number="1" name="1" style="r152_93" originx="-39.370078740157" originy="0" rotation="0" />
    <pcbpin number="2" name="2" style="r152_93" originx="39.370078740157" originy="0" rotation="0" />
    <line layer="TOP_PLACE_BOUND" originx="-67.519685039369" originy="39.763779527559" endx="67.519685039369" endy="39.763779527559" width="1.9685039370079" />
    <line layer="TOP_PLACE_BOUND" originx="67.519685039369" originy="39.763779527559" endx="67.519685039369" endy="-39.763779527559" width="1.9685039370079" />
    <line layer="TOP_PLACE_BOUND" originx="67.519685039369" originy="-39.763779527559" endx="-67.519685039369" endy="-39.763779527559" width="1.9685039370079" />
    <line layer="TOP_PLACE_BOUND" originx="-67.519685039369" originy="-39.763779527559" endx="-67.519685039369" endy="39.763779527559" width="1.9685039370079" />
    <line layer="TOP_ASSEMBLY" originx="-41.338582677165" originy="26.574803149606" endx="41.338582677165" endy="26.574803149606" width="3.9370078740157" />
    <line layer="TOP_ASSEMBLY" originx="41.338582677165" originy="26.574803149606" endx="41.338582677165" endy="-26.574803149606" width="3.9370078740157" />
    <line layer="TOP_ASSEMBLY" originx="41.338582677165" originy="-26.574803149606" endx="-41.338582677165" endy="-26.574803149606" width="3.9370078740157" />
    <line layer="TOP_ASSEMBLY" originx="-41.338582677165" originy="-26.574803149606" endx="-41.338582677165" endy="26.574803149606" width="3.9370078740157" />
    <line layer="TOP_SILKSCREEN" originx="0" originy="22.63779527559" endx="0" endy="-22.63779527559" width="7.8740157480314" />
  </footprint>
  <symbol name="0805L075WR" originx="0" originy="0">
    <line originx="200" originy="50" endx="500" endy="50" width="0" />
    <line originx="500" originy="-50" endx="500" endy="50" width="0" />
    <line originx="500" originy="-50" endx="200" endy="-50" width="0" />
    <line originx="200" originy="50" endx="200" endy="-50" width="0" />
    <line originx="200" originy="0" endx="500" endy="0" width="0" />
    <sympin number="1" originx="200" originy="0" rotation="180" length="100" width="7.8740157480315" flipped="False">
      <text name="pinname" originx="0" originy="-10" style="Default" rotation="0" justify="upperleft" flipped="False" hidden="True" data="1" />
      <text name="pindes" originx="0" originy="10" style="Default" rotation="0" justify="lowerleft" flipped="False" hidden="False" data="1" />
    </sympin>
    <sympin number="2" originx="500" originy="0" rotation="0" length="100" width="7.8740157480315" flipped="False">
      <text name="pinname" originx="700" originy="-10" style="Default" rotation="0" justify="upperright" flipped="False" hidden="True" data="2" />
      <text name="pindes" originx="700" originy="10" style="Default" rotation="0" justify="lowerright" flipped="False" hidden="False" data="2" />
    </sympin>
  </symbol>
  <component name="0805L075WR" designatorprefix="F" height="49.212598425196" footprint="FUSC2114X125N">
    <comppin designator="1" sympin="1" pinswap="0" gateswap="0" gate="1" group="1" side="" type="Any" name="1" />
    <comppin designator="2" sympin="2" pinswap="0" gateswap="0" gate="1" group="1" side="" type="Any" name="2" />
    <attached_symbol gate="1" name="0805L075WR" />
    <pinmap designator="1" footprintpin="1" />
    <pinmap designator="2" footprintpin="2" />
    <text name="Datasheet" originx="0" originy="0" style="Default" rotation="0" justify="" flipped="False" hidden="True" data="https://www.arrow.com/en/products/0805l075wr/littelfuse" />
    <text name="Description" originx="0" originy="0" style="Default" rotation="0" justify="" flipped="False" hidden="True" data="PTC Resettable Fuse 0.75A(hold) 1.5A(trip) 6VDC 40A 0.6W 0.2s 0.09Ohm SMD Solder Pad 0805 T/R" />
    <text name="Mouser Part Number" originx="0" originy="0" style="Default" rotation="0" justify="" flipped="False" hidden="True" data="576-0805L075WR" />
    <text name="Mouser Price/Stock" originx="0" originy="0" style="Default" rotation="0" justify="" flipped="False" hidden="True" data="https://www.mouser.co.uk/ProductDetail/Littelfuse/0805L075WR?qs=gOdenYySUw5wkBcmg2CY4A%3D%3D" />
    <text name="Manufacturer_Name" originx="0" originy="0" style="Default" rotation="0" justify="" flipped="False" hidden="True" data="LITTELFUSE" />
    <text name="Manufacturer_Part_Number" originx="550" originy="150" style="Default" rotation="0" justify="left" flipped="False" hidden="False" data="0805L075WR" />
  </component>
</quadcept_library>
